Name,Position,Team,ProjectedPoints,Price
Aaron Rodgers,QB,GBP,333.5,51.2
Tom Brady,QB,NEP,312.1,38.3
Drew Brees,QB,NOS,306.2,36.3
Matt Ryan,QB,ATL,294.3,29.2
Russell Wilson,QB,SEA,287.9,25.8
Jameis Winston,QB,TBB,276.6,18.6
Cam Newton,QB,CAR,278.8,16.6
Kirk Cousins,QB,WAS,272.7,15.1
Andrew Luck,QB,IND,274.4,15
Marcus Mariota,QB,TEN,268.2,10.8
Dak Prescott,QB,DAL,266.7,10
Matthew Stafford,QB,DET,262.8,9.8
Philip Rivers,QB,LAC,258.1,9.4
Andy Dalton,QB,CIN,257.7,6.9
Derek Carr,QB,OAK,257,6.1
Ben Roethlisberger,QB,PIT,255.6,5.2
Tyrod Taylor,QB,BUF,255.8,5.1
Carson Palmer,QB,ARI,245.2,3
Eli Manning,QB,NYG,243.3,2.8
Carson Wentz,QB,PHI,238.7,2.2
Joe Flacco,QB,BAL,229.1,1.2
Alex Smith,QB,KCC,223.4,1
Sam Bradford,QB,MIN,216.9,1
Jay Cutler,QB,MIA,210.8,1
Blake Bortles,QB,JAC,200.6,1
Brian Hoyer,QB,SFO,190.7,1
Jared Goff,QB,LAR,178,1
Mike Glennon,QB,CHI,176.8,1
Trevor Siemian,QB,DEN,174.4,1
DeShone Kizer,QB,CLE,168.4,1
Josh McCown,QB,NYJ,145.7,1
Tom Savage,QB,HOU,115.6,1
Deshaun Watson,QB,HOU,102.5,1
Chad Henne,QB,JAC,51.1,1
Paxton Lynch,QB,DEN,48.2,1
Cody Kessler,QB,CLE,42.7,1
Mitchell Trubisky,QB,CHI,42.4,1
Christian Hackenberg,QB,NYJ,36.3,1
Matt Moore,QB,MIA,27.4,1
Bryce Petty,QB,NYJ,25.3,1
Matt Barkley,QB,SFO,20.5,1
Scott Tolzien,QB,IND,19.4,1
Teddy Bridgewater,QB,MIN,18.8,1
Brock Osweiler,QB,CLE,17.8,1
Patrick Mahomes,QB,KCC,14.4,1
Brandon Allen,QB,JAC,14,1
Sean Mannion,QB,LAR,12.9,1
Landry Jones,QB,PIT,11.6,1
Case Keenum,QB,MIN,11.1,1
Ryan Fitzpatrick,QB,TBB,10.9,1
Matt Cassel,QB,TEN,9.5,1
Drew Stanton,QB,ARI,9.4,1
C.J. Beathard,QB,SFO,9.3,1
Nathan Peterman,QB,BUF,8.9,1
Nick Foles,QB,PHI,8.5,1
A.J. McCarron,QB,CIN,8.3,1
Brandon Weeden,QB,HOU,6.9,1
Geno Smith,QB,NYG,6.8,1
Derek Anderson,QB,CAR,6.8,1
Trevone Boykin,QB,SEA,6.3,1
Jimmy Garoppolo,QB,NEP,5.3,1
Kellen Moore,QB,DAL,5.3,1
Brett Hundley,QB,GBP,5.2,1
Colt McCoy,QB,WAS,5,1
Kevin Hogan,QB,CLE,4.5,1
T.J. Yates,QB,BUF,4.3,1
Kellen Clemens,QB,LAC,4,1
Matt Schaub,QB,ATL,3.8,1
Connor Cook,QB,OAK,3.3,1
Cardale Jones,QB,LAC,2.9,1
Ryan Mallett,QB,BAL,2.8,1
Chase Daniel,QB,NOS,2.6,1
Brad Kaaya,QB,DET,2.3,1
Blaine Gabbert,QB,ARI,2.1,1
Jake Rudock,QB,DET,1.9,1
E.J. Manuel,QB,OAK,1.8,1
Robert Griffin III,QB,CLE,1.2,1
Stephen Morris,QB,IND,0.1,1
Matt McGloin,QB,PHI,0.1,1
Mark Sanchez,QB,CHI,0.1,1
San Francisco 49ers QB,QB,SFO,0.1,1
Cooper Rush,QB,DAL,0.1,1
Dan Orlovsky,QB,LAR,0,1
Zach Mettenberger,QB,PIT,0,1
David Fales,QB,MIA,0,1
Shaun Hill,QB,MIN,0,1
Dylan Thompson,QB,LAR,0,1
Dustin Vaughan,QB,BAL,0,1
Matt Blanchard,QB,CHI,0,1
Aaron Murray,QB,KCC,0,1
Keith Wenning,QB,BUF,0,1
Tajh Boyd,QB,PIT,0,1
Johnny Manziel,QB,CLE,0,1
Zac Dysert,QB,ARI,0,1
Alex Tanney,QB,TEN,0,1
Matt Simms,QB,ATL,0,1
Ryan Lindley,QB,IND,0,1
Jerrod Johnson,QB,DAL,0,1
Christian Ponder,QB,SFO,0,1
Dan LeFevour,QB,TBB,0,1
Jimmy Clausen,QB,BAL,0,1
Josh Freeman,QB,IND,0,1
Matt Flynn,QB,NOS,0,1
Bruce Gradkowski,QB,PIT,0,1
Charlie Whitehurst,QB,CLE,0,1
Tarvaris Jackson,QB,SEA,0,1
Tony Romo,QB,DAL,0,1
Mike Vick,QB,PIT,0,1
Josh Woodrum,QB,BAL,0,1
Joe Webb,QB,CAR,0,1
Davis Webb,QB,NYG,0,1
Phillip Walker,QB,IND,0,1
Ryan Tannehill,QB,MIA,0,1
Nate Sudfeld,QB,WAS,0,1
Kyle Sloter,QB,DEN,0,1
Connor Shaw,QB,CHI,0,1
Ryan Nassib,QB,NOS,0,1
Sefo Liufau,QB,TBB,0,1
Thaddeus Lewis,QB,BAL,0,1
Trevor Knight,QB,ARI,0,1
Chad Kelly,QB,DEN,0,1
Colin Kaepernick,QB,FA,0,1
Josh Johnson,QB,NYG,0,1
Taysom Hill,QB,GBP,0,1
Taylor Heinicke,QB,MIN,0,1
Ryan Griffin,QB,TBB,0,1
Garrett Grayson,QB,NOS,0,1
Jeff Driskel,QB,CIN,0,1
Brandon Doughty,QB,MIA,0,1
Joshua Dobbs,QB,PIT,0,1
Austin Davis,QB,SEA,0,1
Joe Callahan,QB,GBP,0,1
Jacoby Brissett,QB,NEP,0,1
Tyler Bray,QB,KCC,0,1
Luke McCown,QB,DAL,0,1
Sean Renfree,QB,ATL,0,1
David Johnson,RB,ARI,273.5,94.3
Le'Veon Bell,RB,PIT,246.1,76.6
LeSean McCoy,RB,BUF,199.7,52.1
Jordan Howard,RB,CHI,192.8,50
Ezekiel Elliott,RB,DAL,152.3,49.1
Devonta Freeman,RB,ATL,190.6,48.2
Melvin Gordon,RB,LAC,188.4,45.7
Jay Ajayi,RB,MIA,181.7,43.5
DeMarco Murray,RB,TEN,178.9,41.9
Todd Gurley,RB,LAR,168.6,35.5
Leonard Fournette,RB,JAC,166,34.4
Lamar Miller,RB,HOU,160.8,30.3
Marshawn Lynch,RB,OAK,152.7,25.1
Isaiah Crowell,RB,CLE,150.9,24.5
Carlos Hyde,RB,SFO,146,20.8
Mark Ingram,RB,NOS,142.1,18.9
Christian McCaffrey,RB,CAR,141.1,18.2
Dalvin Cook,RB,MIN,145.3,18.1
Joe Mixon,RB,CIN,138.4,16.1
Ty Montgomery,RB,GBP,140.9,14.9
Bilal Powell,RB,NYJ,135.2,14.2
Kareem Hunt,RB,KCC,134.4,12.8
Mike Gillislee,RB,NEP,130,11
Ameer Abdullah,RB,DET,129,10.4
Frank Gore,RB,IND,129.3,10.1
Tevin Coleman,RB,ATL,130.3,9.2
C.J. Anderson,RB,DEN,128.8,7.9
Doug Martin,RB,TBB,105.1,7
Eddie Lacy,RB,SEA,119.8,6.9
Paul Perkins,RB,NYG,120.3,6.3
Terrance West,RB,BAL,120.1,5.5
LeGarrette Blount,RB,PHI,117,5.4
Rob Kelley,RB,WAS,114.2,4.3
Spencer Ware,RB,KCC,115.5,4.3
Matt Forte,RB,NYJ,112.2,3.5
Darren McFadden,RB,DAL,96.1,3.1
Jonathan Stewart,RB,CAR,111.7,2.9
Adrian Peterson,RB,NOS,104.5,2.1
Danny Woodhead,RB,BAL,107,2
Derrick Henry,RB,TEN,104.6,1.6
Theo Riddick,RB,DET,104.2,1.3
Darren Sproles,RB,PHI,98.3,1.3
Duke Johnson,RB,CLE,102.6,1.1
James White,RB,NEP,91.9,1
Jamaal Charles,RB,DEN,86.8,1
Giovani Bernard,RB,CIN,83.3,1
Chris Thompson,RB,WAS,82.2,1
Jeremy Hill,RB,CIN,78.9,1
C.J. Prosise,RB,SEA,78.3,1
Thomas Rawls,RB,SEA,78.2,1
Latavius Murray,RB,MIN,76,1
Charles Sims,RB,TBB,74.9,1
Shane Vereen,RB,NYG,72.5,1
Samaje Perine,RB,WAS,71.4,1
Jamaal Williams,RB,GBP,71.4,1
Rex Burkhead,RB,NEP,70.9,1
Jacquizz Rodgers,RB,TBB,69.8,1
Dion Lewis,RB,NEP,68.3,1
Robert Turbin,RB,IND,66.9,1
Jonathan Williams,RB,BUF,66.4,1
DeAndre Washington,RB,OAK,65.9,1
Tim Hightower,RB,SFO,62.5,1
Jalen Richard,RB,OAK,59.6,1
Alvin Kamara,RB,NOS,58.5,1
Marlon Mack,RB,IND,57,1
D'Onta Foreman,RB,HOU,55.3,1
Devontae Booker,RB,DEN,54.9,1
T.J. Yeldon,RB,JAC,53.8,1
Joe Williams,RB,SFO,53.3,1
Charcandrick West,RB,KCC,46.9,1
Damien Williams,RB,MIA,44.8,1
Jerick McKinnon,RB,MIN,44,1
Zach Zenner,RB,DET,43.9,1
Chris Johnson,RB,ARI,42.1,1
Wendell Smallwood,RB,PHI,41.1,1
Chris Ivory,RB,JAC,40.6,1
Alfred Morris,RB,DAL,40.2,1
Branden Oliver,RB,LAC,37.6,1
Javorius Allen,RB,BAL,34.5,1
Jeremy Langford,RB,CHI,33.8,1
Matt Asiata,RB,DET,32.7,1
Alfred Blue,RB,HOU,32.2,1
Donnel Pumphrey,RB,PHI,32.1,1
Matt Jones,RB,WAS,30.3,1
James Conner,RB,PIT,30.2,1
Tarik Cohen,RB,CHI,30.2,1
Kenyan Drake,RB,MIA,29.5,1
Kyle Juszczyk,RB,SFO,27.3,1
Orleans Darkwa,RB,NYG,27.2,1
Christopher Carson,RB,SEA,26.5,1
Aaron Ripkowski,RB,GBP,26.4,1
Wayne Gallman,RB,NYG,25.9,1
Kerwynn Williams,RB,ARI,24.4,1
Mike Tolbert,RB,BUF,23.8,1
John Kuhn,RB,NOS,23.8,1
Andre Ellington,RB,ARI,23.2,1
Malcolm Brown,RB,LAR,22,1
Elijah McGuire,RB,NYJ,20.6,1
Lance Dunbar,RB,LAR,20,1
Tre Mason,RB,FA,19.9,1
Marcel Reece,RB,SEA,19.3,1
Aaron Jones,RB,GBP,18.7,1
Elijah Hood,RB,OAK,17.7,1
Benny Cunningham,RB,CHI,17.6,1
Cameron Artis-Payne,RB,CAR,17.5,1
C.J. Spiller,RB,KCC,16.3,1
DuJuan Harris,RB,JAC,16.3,1
Shaun Draughn,RB,NYG,16.3,1
Travaris Cadet,RB,NOS,16.1,1
Chris Carson,RB,SEA,15.7,1
David Cobb,RB,FA,15.6,1
Andre Williams,RB,LAC,15.3,1
Fozzy Whittaker,RB,CAR,15.1,1
Dwayne Washington,RB,DET,14.1,1
Fitzgerald Toussaint,RB,PIT,13.3,1
Peyton Barber,RB,TBB,13.1,1
Brian Hill,RB,ATL,12.8,1
Jonathan Grimes,RB,JAC,12.5,1
Jamize Olawale,RB,OAK,12.2,1
Matt Breida,RB,SFO,11.7,1
Ka'Deem Carey,RB,CHI,11.5,1
Terron Ward,RB,ATL,11.2,1
Kenjon Barner,RB,LAC,11.1,1
Kenneth Farrow,RB,LAC,10.9,1
Andy Janovich,RB,DEN,10.6,1
Alex Collins,RB,SEA,10.3,1
Ronnie Hillman,RB,DAL,10,1
Senorise Perry,RB,MIA,9,1
Storm Johnson,RB,MIA,9,1
De'Angelo Henderson,RB,DEN,8.3,1
Corey Grant,RB,JAC,8.3,1
Lorenzo Taliaferro,RB,BAL,8,1
Kapri Bibbs,RB,SFO,7.9,1
Jeremy McNichols,RB,TBB,7.8,1
Bobby Rainey,RB,BAL,7.6,1
Mack Brown,RB,WAS,7.1,1
Austin Johnson,RB,TBB,6.6,1
Joe Banyard,RB,BUF,6.5,1
Josh Ferguson,RB,IND,6.4,1
Terrell Watson,RB,PIT,6.3,1
Akeem Hunt,RB,HOU,6.3,1
Patrick DiMarco,RB,BUF,6.2,1
Tyler Ervin,RB,HOU,6.2,1
Mike Davis,RB,SEA,6.2,1
Derek Watt,RB,LAC,6,1
Darrel Young,RB,CAR,5.9,1
Khalfani Muhammad,RB,TEN,5.8,1
Jalston Fowler,RB,TEN,5.6,1
Cedric Peerman,RB,CIN,5.5,1
Rod Smith,RB,DAL,5,1
Juwan Thompson,RB,DEN,5,1
Brandon Wilds,RB,CLE,4.5,1
Dan Vitale,RB,CLE,4.4,1
Taiwan Jones,RB,BUF,4.3,1
Aaron Green,RB,LAR,4.2,1
Matthew Dayes,RB,CLE,4.1,1
Knile Davis,RB,PIT,3.9,1
D.J. Foster,RB,NEP,3.8,1
Devante Mays,RB,GBP,3.7,1
Stevan Ridley,RB,DEN,3.6,1
Joe Kerridge,RB,GBP,3.5,1
Daniel Lasco,RB,NOS,3.4,1
Raheem Mostert,RB,SFO,3.3,1
James Develin,RB,NEP,3.3,1
John Crockett,RB,OAK,3.2,1
Brandon Bolden,RB,NEP,3,1
Jay Prosch,RB,HOU,3,1
Byron Marshall,RB,PHI,2.9,1
Keith Smith,RB,DAL,2.9,1
T.J. Logan,RB,ARI,2.8,1
Cedric O'Neal,RB,BUF,2.7,1
Roosevelt Nix,RB,PIT,2.7,1
Ryan Hewitt,RB,CIN,2.6,1
C.J. Ham,RB,MIN,2.6,1
Zach Line,RB,NOS,2.5,1
Troymaine Pope,RB,IND,2.5,1
Anthony Sherman,RB,KCC,2.4,1
George Atkinson,RB,OAK,2.4,1
Tra Carson,RB,CIN,2.3,1
Bronson Hill,RB,MIN,1.8,1
Dexter McCluster,RB,LAC,1.7,1
Marquez Williams,RB,JAC,1.3,1
Marcus Murphy,RB,NYJ,1.3,1
Sam Rogers,RB,LAR,1,1
Michael Burton,RB,CHI,0.9,1
Jordan Todman,RB,HOU,0.7,1
George Winn,RB,NYG,0.1,1
Chase Reynolds,RB,FA,0.1,1
Kenny Hilliard,RB,HOU,0,1
Tyler Clutts,RB,DAL,0,1
Joique Bell,RB,DET,0,1
James Starks,RB,GBP,0,1
Boobie Dixon,RB,BUF,0,1
Toby Gerhart,RB,JAC,0,1
Ben Tate,RB,PIT,0,1
Antone Smith,RB,TBB,0,1
Marcus Thigpen,RB,BUF,0,1
Jorvorskie Lane,RB,TBB,0,1
Rashad Jennings,RB,NYG,0,1
Arian Foster,RB,MIA,0,1
Donald Brown,RB,NEP,0,1
Justin Forsett,RB,DEN,0,1
Jerome Felton,RB,BUF,0,1
Pierre Thomas,RB,WAS,0,1
Ahmad Bradshaw,RB,IND,0,1
Fred Jackson,RB,SEA,0,1
DeAngelo Williams,RB,PIT,0,1
Reggie Bush,RB,BUF,0,1
Steven Jackson,RB,NEP,0,1
Trey Williams,RB,PIT,0,1
Stanley Williams,RB,DEN,0,1
Kelvin Taylor,RB,ATL,0,1
De'Veon Smith,RB,MIA,0,1
Bishop Sankey,RB,MIN,0,1
Brandon Radcliff,RB,TEN,0,1
Elijhaa Penny,RB,ARI,0,1
Dare Ogunbowale,RB,HOU,0,1
Christine Michael,RB,IND,0,1
Ryan Mathews,RB,PHI,0,1
I'Tavius Mathers,RB,JAC,0,1
Keith Marshall,RB,WAS,0,1
Tre Madden,RB,SEA,0,1
Akeem Judd,RB,TEN,0,1
Malcolm Johnson,RB,SEA,0,1
Mike James,RB,DET,0,1
Darius Jackson,RB,CLE,0,1
Russell Hansbrough,RB,TBB,0,1
Tyler Gaffney,RB,JAC,0,1
David Fluellen,RB,TEN,0,1
Austin Ekeler,RB,LAC,0,1
Kenneth Dixon,RB,BAL,0,1
Corey Clement,RB,PHI,0,1
Zac Brooks,RB,DEN,0,1
Alexander Armah,RB,CAR,0,1
Jahad Thomas,RB,NYJ,-0.1,1
Justin Davis,RB,LAR,-0.1,1
Stepfan Taylor,RB,FA,-0.2,1
Taquan Mizzell,RB,BAL,-0.2,1
J.D. McKissic,RB,SEA,-0.2,1
Brandon Burks,RB,FA,-0.8,1
Khiry Robinson,RB,FA,-1,1
Antonio Brown,WR,PIT,194.6,55.3
Julio Jones,WR,ATL,187.8,51.3
Odell Beckham,WR,NYG,175.7,44.8
Jordy Nelson,WR,GBP,174.2,44.4
Mike Evans,WR,TBB,166.7,40
A.J. Green,WR,CIN,161.1,37.5
Michael Thomas,WR,NOS,157.5,35.7
Dez Bryant,WR,DAL,151.8,31.2
T.Y. Hilton,WR,IND,150.8,30.3
Doug Baldwin,WR,SEA,145.1,27.5
Amari Cooper,WR,OAK,142.6,26.3
Brandin Cooks,WR,NEP,143.6,26.1
DeAndre Hopkins,WR,HOU,137.1,23.1
Demaryius Thomas,WR,DEN,133.5,21.5
Allen Robinson,WR,JAC,134.8,21
Alshon Jeffery,WR,PHI,129.1,18.9
Terrelle Pryor,WR,WAS,129.4,18.8
Michael Crabtree,WR,OAK,130.9,18.3
Tyreek Hill,WR,KCC,129.2,17.9
Golden Tate,WR,DET,127.1,17.7
Davante Adams,WR,GBP,125.8,17.3
Kelvin Benjamin,WR,CAR,126.4,16.9
Keenan Allen,WR,LAC,125.1,15.9
Larry Fitzgerald,WR,ARI,123.1,15.4
Emmanuel Sanders,WR,DEN,125.7,15.2
Sammy Watkins,WR,LAR,123.3,15.1
Jarvis Landry,WR,MIA,120.7,12.8
Willie Snead,WR,NOS,117.5,12.2
Martavis Bryant,WR,PIT,118.9,11.7
Jamison Crowder,WR,WAS,116.9,10.8
Brandon Marshall,WR,NYG,111.5,9
Kenny Britt,WR,CLE,113,8.3
Randall Cobb,WR,GBP,113.4,8.2
Pierre Garcon,WR,SFO,110.9,7.9
Julian Edelman,WR,NEP,111.8,7.7
Stefon Diggs,WR,MIN,111.5,7
Eric Decker,WR,TEN,109.7,6
DeVante Parker,WR,MIA,108.1,5.5
Donte Moncrief,WR,IND,107.4,4.7
DeSean Jackson,WR,TBB,106.2,4.4
Mike Wallace,WR,BAL,105.1,4.3
Jeremy Maclin,WR,BAL,104.4,4.1
Tyrell Williams,WR,LAC,103.4,3.5
Cameron Meredith,WR,CHI,102.6,3.5
Ted Ginn Jr.,WR,NOS,102,3.4
Rishard Matthews,WR,TEN,102.3,2.9
Jordan Matthews,WR,BUF,100.6,2.7
Robby Anderson,WR,NYJ,95.5,1.7
Marvin Jones,WR,DET,95.6,1.7
Adam Thielen,WR,MIN,93.2,1.5
Corey Davis,WR,TEN,95.7,1.4
Corey Coleman,WR,CLE,93.8,1.3
John Brown,WR,ARI,95.8,1.3
Zay Jones,WR,BUF,87.8,1.3
Chris Hogan,WR,NEP,91.8,1.2
Cole Beasley,WR,DAL,86.6,1.1
Sterling Shepard,WR,NYG,89.5,1
Mohamed Sanu,WR,ATL,86.1,1
Tyler Lockett,WR,SEA,86.6,1
Kevin White,WR,CHI,86.1,1
Kenny Stills,WR,MIA,85.9,1
Taylor Gabriel,WR,ATL,84.8,1
J.J. Nelson,WR,ARI,83,1
Torrey Smith,WR,PHI,80.3,1
Allen Hurns,WR,JAC,79.2,1
Marqise Lee,WR,JAC,77.2,1
Breshad Perriman,WR,BAL,77.1,1
Terrance Williams,WR,DAL,75.6,1
Devin Funchess,WR,CAR,75,1
Tavon Austin,WR,LAR,68.4,1
Josh Doctson,WR,WAS,68.1,1
Kenny Golladay,WR,DET,67.1,1
Brandon LaFell,WR,CIN,66.9,1
ArDarius Stewart,WR,NYJ,64.9,1
Chris Conley,WR,KCC,64.4,1
Kendall Wright,WR,CHI,64.1,1
Marquise Goodwin,WR,SFO,62.7,1
Robert Woods,WR,LAR,59.9,1
John Ross,WR,CIN,59.1,1
Jeremy Kerley,WR,SFO,57.8,1
Seth Roberts,WR,OAK,56.8,1
Curtis Samuel,WR,CAR,54.1,1
Nelson Agholor,WR,PHI,53.3,1
Tyler Boyd,WR,CIN,52.1,1
Eli Rogers,WR,PIT,51.4,1
Charone Peake,WR,NYJ,50.7,1
Cooper Kupp,WR,LAR,49.8,1
Markus Wheaton,WR,CHI,49.5,1
Adam Humphries,WR,TBB,49.1,1
Travis Benjamin,WR,LAC,48.9,1
Will Fuller,WR,HOU,48.8,1
Danny Amendola,WR,NEP,47.9,1
Albert Wilson,WR,KCC,47.8,1
Laquon Treadwell,WR,MIN,47.6,1
Paul Richardson,WR,SEA,46.6,1
Jermaine Kearse,WR,SEA,46,1
Phillip Dorsett,WR,IND,45.2,1
Brandon Coleman,WR,NOS,44.3,1
Braxton Miller,WR,HOU,43.3,1
Malcolm Mitchell,WR,NEP,42.9,1
Cecil Shorts,WR,FA,40.4,1
Dontrelle Inman,WR,LAC,38.2,1
Andre Holmes,WR,BUF,36.6,1
Carlos Henderson,WR,DEN,35.9,1
Jaelen Strong,WR,HOU,35.8,1
Mike Williams,WR,LAC,34.2,1
Jaron Brown,WR,ARI,34.1,1
Chris Godwin,WR,TBB,32.8,1
Victor Cruz,WR,CHI,32.2,1
Kamar Aiken,WR,IND,32,1
Brice Butler,WR,DAL,31,1
Justin Hardy,WR,ATL,30.7,1
JuJu Smith-Schuster,WR,PIT,30.4,1
Russell Shepard,WR,CAR,30.1,1
Cordarrelle Patterson,WR,OAK,29.8,1
Jalin Marshall,WR,NYJ,29.6,1
Chester Rogers,WR,IND,29.3,1
Geronimo Allison,WR,GBP,29.2,1
Ricardo Louis,WR,CLE,28.8,1
Dede Westbrook,WR,JAC,28.1,1
Stevie Johnson,WR,FA,27.4,1
Michael Floyd,WR,MIN,27.2,1
Aldrick Robinson,WR,SFO,25.8,1
Brian Quick,WR,WAS,25.7,1
Taywan Taylor,WR,TEN,25.4,1
Deonte Thompson,WR,CHI,25.4,1
Andrew Hawkins,WR,NEP,23.8,1
Sammie Coates,WR,PIT,23.3,1
Rod Streater,WR,BUF,22.3,1
Cobi Hamilton,WR,PIT,21.6,1
Chad Williams,WR,ARI,21.1,1
Vincent Jackson,WR,TBB,20.7,1
Chad Hansen,WR,NYJ,20.1,1
T.J. Jones,WR,DET,19.8,1
Rashard Higgins,WR,CLE,19,1
Corey Brown,WR,BUF,18.9,1
Jarius Wright,WR,MIN,18.7,1
Justin Hunter,WR,PIT,18.7,1
Michael Campanaro,WR,BAL,17.9,1
Kenbrell Thompkins,WR,NYJ,17.8,1
Darrius Heyward-Bey,WR,PIT,17.5,1
Tajae Sharpe,WR,TEN,17.4,1
Roger Lewis,WR,NYG,17.4,1
Bennie Fowler,WR,DEN,17,1
Jordan Taylor,WR,DEN,15.5,1
Chris Harper,WR,NYJ,15.3,1
Cody Latimer,WR,DEN,15,1
Chris Moore,WR,BAL,14.9,1
Demarcus Robinson,WR,KCC,14.8,1
Ryan Grant,WR,WAS,14.7,1
Lucky Whitehead,WR,NYJ,14.6,1
Kenny Bell,WR,BAL,14.2,1
Javontee Herndon,WR,LAC,14,1
Eddie Royal,WR,CHI,13.9,1
Tanner McEvoy,WR,SEA,13.7,1
Andre Roberts,WR,ATL,13.6,1
Brandon Tate,WR,BUF,12.9,1
Quinton Patton,WR,NYJ,12.8,1
Tavarres King,WR,NYG,12.3,1
Josh Reynolds,WR,LAR,11.8,1
Pharoh Cooper,WR,LAR,11.7,1
Myles White,WR,NYJ,11.6,1
Josh Huff,WR,TBB,11.3,1
Greg Salas,WR,FA,11.2,1
Cody Core,WR,CIN,10.8,1
Walter Powell,WR,BUF,10.8,1
Mack Hollins,WR,PHI,10.8,1
Rashad Greene,WR,JAC,10.7,1
Nick Williams,WR,ATL,10.6,1
Ryan Switzer,WR,DAL,10.6,1
Leonte Carroo,WR,MIA,10.4,1
Brenton Bersin,WR,CAR,10.4,1
Jace Billingsley,WR,DET,10.1,1
Jonathan Krause,WR,TEN,9.9,1
Ishmael Zamora,WR,OAK,9.8,1
Seantavius Jones,WR,KCC,9.7,1
Josh Bellamy,WR,CHI,9.3,1
Trent Taylor,WR,SFO,9.2,1
Austin Carr,WR,NEP,9.1,1
Dwayne Harris,WR,NYG,8.8,1
Harry Douglas,WR,TEN,8.7,1
Jeff Janis,WR,GBP,8.7,1
Jehu Chesson,WR,KCC,8.6,1
Jake Lampman,WR,NOS,8.5,1
Darius Jennings,WR,TEN,8.4,1
Arrelious Benn,WR,JAC,8.2,1
David Moore,WR,SEA,8.2,1
Rodney Adams,WR,MIN,8.2,1
Freddie Martino,WR,TBB,8.1,1
Tevaun Smith,WR,IND,8,1
Keshawn Martin,WR,DET,7.8,1
Isaac Fruechte,WR,MIN,7.8,1
Bruce Ellington,WR,HOU,7.8,1
Corey Fuller,WR,NOS,7.6,1
Aaron Dobson,WR,ARI,7.5,1
Wendall Williams,WR,HOU,7.5,1
Daniel Braverman,WR,CHI,7.3,1
Demarcus Ayers,WR,PIT,7.3,1
Noah Brown,WR,DAL,7.2,1
Mario Alford,WR,CLE,7.2,1
Chris Matthews,WR,BAL,7.2,1
Robert Davis,WR,WAS,7.1,1
Paul Turner,WR,PHI,7,1
Shane Wynn,WR,JAC,6.9,1
Eric Weems,WR,TEN,6.9,1
Jeremy Butler,WR,BUF,6.5,1
Jared Abbrederis,WR,DET,6.5,1
De'Anthony Thomas,WR,KCC,6.4,1
Tommylee Lewis,WR,NOS,6.2,1
Isaiah Burse,WR,LAC,6.2,1
DeAndre Smelter,WR,SFO,6.1,1
Aaron Burbridge,WR,SFO,6,1
Frankie Hammond,WR,NYJ,6,1
Bryce Treggs,WR,PHI,6,1
Dezmin Lewis,WR,BUF,5.7,1
Amara Darboh,WR,SEA,5.7,1
Stacy Coley,WR,MIN,5.6,1
Alex Erickson,WR,CIN,5.5,1
Quan Bray,WR,IND,5.5,1
Trevor Davis,WR,GBP,5.4,1
Tre McBride,WR,TEN,5.3,1
Jordan Payton,WR,CLE,5.2,1
Lance Lenoir,WR,DAL,5.2,1
Brittan Golden,WR,ARI,5.2,1
DeAngelo Yancey,WR,GBP,5.1,1
Donteea Dye,WR,TBB,5.1,1
Shelton Gibson,WR,PHI,5,1
Victor Bolden,WR,SFO,5,1
Isaiah McKenzie,WR,DEN,5,1
Damiere Byrd,WR,CAR,4.9,1
Nelson Spruce,WR,LAR,4.8,1
Maurice Harris,WR,WAS,4.8,1
Rashad Ross,WR,SFO,4.7,1
Jeremy Ross,WR,ARI,4.7,1
James Wright,WR,CLE,4.3,1
Josh Malone,WR,CIN,4.2,1
Louis Murphy,WR,SFO,3.8,1
Vince Mayle,WR,BAL,3.7,1
Stedman Bailey,WR,FA,3.5,1
Johnny Holton,WR,OAK,3.5,1
Malachi Dupre,WR,GBP,3.5,1
Kalif Raymond,WR,DEN,3,1
Jakeem Grant,WR,MIA,3,1
Paul McRoberts,WR,LAR,2.9,1
Marc Mariani,WR,FA,2.7,1
Kasen Williams,WR,SEA,2.6,1
Kevin Smith,WR,SEA,2.5,1
Geremy Davis,WR,LAC,2.3,1
Anquan Boldin,WR,BUF,2.2,1
Marcus Johnson,WR,PHI,2.2,1
Rashawn Scott,WR,MIA,1.7,1
Josh Gordon,WR,CLE,0.9,1
Percy Harvin,WR,FA,0.5,1
Devin Street,WR,HOU,0.4,1
Matt Slater,WR,NEP,0.1,1
Tony Washington,WR,JAC,0.1,1
Andre Jerome Caldwell,WR,DET,0,1
Jerome Simpson,WR,SFO,0,1
James Jones,WR,FA,0,1
Jacoby Jones,WR,PIT,0,1
Dwayne Bowe,WR,CLE,0,1
Miles Austin,WR,PHI,0,1
Marques Colston,WR,NOS,0,1
Jason Avant,WR,KCC,0,1
Derek Hagan,WR,TEN,0,1
Greg Jennings,WR,MIA,0,1
Lance Moore,WR,ATL,0,1
Nate Washington,WR,NEP,0,1
Joshua Cribbs,WR,IND,0,1
Roddy White,WR,ATL,0,1
Wes Welker,WR,LAR,0,1
Jerricho Cotchery,WR,CAR,0,1
Andre Johnson,WR,TEN,0,1
Steve Smith Sr.,WR,BAL,0,1
Dom Williams,WR,PHI,0,1
Tim White,WR,BAL,0,1
Griff Whalen,WR,BAL,0,1
Derel Walker,WR,TBB,0,1
Mike Thomas,WR,LAR,0,1
Damore'ea Stringfellow,WR,MIA,0,1
Canaan Severin,WR,NYG,0,1
Artavis Scott,WR,LAC,0,1
Travis Rudolph,WR,NYG,0,1
Fred Ross,WR,CAR,0,1
Brandon Reilly,WR,BUF,0,1
Rueben Randle,WR,CHI,0,1
Kevin Norwood,WR,NYG,0,1
Speedy Noil,WR,SEA,0,1
Drew Morgan,WR,MIA,0,1
Riley McCarron,WR,HOU,0,1
Max McCaffrey,WR,GBP,0,1
K.J. Maye,WR,NEP,0,1
Bradley Marquez,WR,LAR,0,1
Gabe Marks,WR,NYJ,0,1
Devin Lucien,WR,NEP,0,1
Keevan Lucas,WR,PHI,0,1
Kenny Lawler,WR,SEA,0,1
Jerome Lane,WR,NYG,0,1
Jamaal Jones,WR,LAC,0,1
Cayleb Jones,WR,MIN,0,1
Charles Johnson,WR,CAR,0,1
Calvin Johnson,WR,FA,0,1
Bug Howard,WR,IND,0,1
Krishawn Hogan,WR,ARI,0,1
Keon Hatcher,WR,OAK,0,1
Trey Griffey,WR,MIA,0,1
Tanner Gentry,WR,CHI,0,1
Keyarris Garrett,WR,CAR,0,1
Devin Fuller,WR,ATL,0,1
Amba Etta-Tawo,WR,JAC,0,1
Quincy Enunwa,WR,NYJ,0,1
Travin Dural,WR,NOS,0,1
Gehrig Dieter,WR,KCC,0,1
Titus Davis,WR,CHI,0,1
Keelan Cole,WR,JAC,0,1
Kaelin Clay,WR,CAR,0,1
Michael Clark,WR,GBP,0,1
DeAndre Carter,WR,SFO,0,1
KD Cannon,WR,LAR,0,1
Deante Burton,WR,ATL,0,1
Kendrick Bourne,WR,SFO,0,1
Moritz Boehringer,WR,MIN,0,1
Rasheed Bailey,WR,CLE,0,1
Quincy Adeboyejo,WR,BAL,0,1
Devin Hester,WR,SEA,0,1
Andy Jones,WR,DAL,-0.3,1
Keenan Reynolds,WR,BAL,-0.7,1
Justin Tucker,K,BAL,147,9.2
Stephen Gostkowski,K,NEP,146.6,9
Matt Bryant,K,ATL,136.9,3.8
Dan Bailey,K,DAL,132.6,2.7
Adam Vinatieri,K,IND,132.9,2.2
Matt Prater,K,DET,131.2,1.9
Mason Crosby,K,GBP,129,1.8
Sebastian Janikowski,K,OAK,125.6,1.7
Dustin Hopkins,K,WAS,124.1,1.3
Caleb Sturgis,K,PHI,125.1,1.3
Wil Lutz,K,NOS,127.1,1.2
Blair Walsh,K,SEA,127.2,1.1
Chris Boswell,K,PIT,123.4,1
Brandon McManus,K,DEN,120.2,1
Josh Lambo,K,LAC,119.6,1
Cairo Santos,K,KCC,118.8,1
Jason Myers,K,JAC,118.4,1
Kai Forbath,K,MIN,117.7,1
Nick Novak,K,HOU,115.1,1
Stephen Hauschka,K,BUF,112.8,1
Phil Dawson,K,ARI,110.4,1
Nick Folk,K,TBB,110.4,1
Chandler Catanzaro,K,NYJ,107.8,1
Ryan Succop,K,TEN,106.6,1
Jake Elliott,K,CIN,104.2,1
Connor Barth,K,CHI,102.3,1
Aldrick Rosas,K,NYG,99.6,1
Robbie Gould,K,SFO,99.5,1
Greg Zuerlein,K,LAR,98.9,1
Harrison Butker,K,CAR,97.8,1
Andrew Franks,K,MIA,92.4,1
Graham Gano,K,CAR,91.9,1
Mike Nugent,K,NYG,91.3,1
Cody Parkey,K,CLE,89.7,1
Zane Gonzalez,K,CLE,87.7,1
Randy Bullock,K,CIN,82.3,1
Roberto Aguayo,K,CHI,71.5,1
Dan Carpenter,K,BUF,0,1
Garrett Hartley,K,PIT,0,1
Shaun Suisham,K,PIT,0,1
Josh Scobee,K,NOS,0,1
Josh Brown,K,NYG,0,1
Billy Cundiff,K,CLE,0,1
Shayne Graham,K,ATL,0,1
Rob Gronkowski,TE,NEP,146,35.9
Travis Kelce,TE,KCC,124.2,23.3
Greg Olsen,TE,CAR,121.2,21.5
Jordan Reed,TE,WAS,114.6,17.7
Jimmy Graham,TE,SEA,111.4,16.2
Tyler Eifert,TE,CIN,103.6,11.5
Kyle Rudolph,TE,MIN,102.8,10.9
Delanie Walker,TE,TEN,99.7,10.1
Martellus Bennett,TE,GBP,95.9,6.9
Zach Ertz,TE,PHI,94.1,6.5
Hunter Henry,TE,LAC,92.6,6.2
Jack Doyle,TE,IND,85.8,3.9
Eric Ebron,TE,DET,87.2,3.4
Austin Hooper,TE,ATL,81,1.8
Coby Fleener,TE,NOS,81.7,1.6
Jason Witten,TE,DAL,77.2,1.5
Antonio Gates,TE,LAC,72.7,1.5
C.J. Fiedorowicz,TE,HOU,70.6,1.4
Jared Cook,TE,OAK,71,1.3
Cameron Brate,TE,TBB,76.8,1.1
Charles Clay,TE,BUF,73.6,1
Julius Thomas,TE,MIA,71.8,1
O.J. Howard,TE,TBB,66.4,1
Evan Engram,TE,NYG,64.9,1
Zach Miller,TE,CHI,64.3,1
David Njoku,TE,CLE,63.5,1
Austin Seferian-Jenkins,TE,NYJ,55.8,1
Jermaine Gresham,TE,ARI,54.1,1
Jesse James,TE,PIT,53.7,1
Ben Watson,TE,BAL,49.1,1
Tyler Higbee,TE,LAR,49,1
Erik Swoope,TE,IND,47.9,1
Vance McDonald,TE,SFO,46.4,1
Vernon Davis,TE,WAS,45.8,1
Dwayne Allen,TE,NEP,44.9,1
Ryan Griffin,TE,HOU,36.4,1
Virgil Green,TE,DEN,35.2,1
Marcedes Lewis,TE,JAC,32.2,1
Clive Walford,TE,OAK,31.4,1
Garrett Celek,TE,SFO,31.3,1
A.J. Derby,TE,DEN,30.7,1
Mychal Rivera,TE,JAC,30.3,1
Josh Hill,TE,NOS,29.6,1
Dion Sims,TE,CHI,28.5,1
Seth DeValve,TE,CLE,27.9,1
Trey Burton,TE,PHI,27,1
Xavier Grimble,TE,PIT,25.6,1
Adam Shaheen,TE,CHI,25.5,1
George Kittle,TE,SFO,25.4,1
Gerald Everett,TE,LAR,25.3,1
Nick Boyle,TE,BAL,25.3,1
Maxx Williams,TE,BAL,24.9,1
Jonnu Smith,TE,TEN,24.5,1
Demetrius Harris,TE,KCC,21,1
Lance Kendricks,TE,GBP,20.8,1
Levine Toilolo,TE,ATL,20.7,1
Luke Willson,TE,SEA,19.2,1
Greg Scruggs,TE,NEP,19,1
Stephen Anderson,TE,HOU,18.2,1
Will Tye,TE,NYG,17.8,1
Darren Fells,TE,DET,17.4,1
Anthony Fasano,TE,MIA,16.7,1
Ed Dickson,TE,CAR,16.3,1
Richard Rodgers,TE,GBP,16,1
Troy Niklas,TE,ARI,15.5,1
Brent Celek,TE,PHI,15.1,1
Tim Wright,TE,DET,14.7,1
Jordan Leggett,TE,NYJ,13.8,1
Jacob Tamme,TE,ATL,12.2,1
Jordan Cameron,TE,FA,12.1,1
Jeff Heuerman,TE,DEN,12,1
Michael Roberts,TE,DET,11.8,1
Nick O'Leary,TE,BUF,11.3,1
MarQueis Gray,TE,MIA,10.8,1
Rhett Ellison,TE,NYG,10.8,1
Ben Koyack,TE,JAC,10.5,1
Jace Amaro,TE,TEN,10,1
Gavin Escobar,TE,KCC,9.9,1
C.J. Uzomah,TE,CIN,9.9,1
David Morgan,TE,MIN,9.6,1
Logan Paulsen,TE,SFO,9.4,1
Jerell Adams,TE,NYG,8.9,1
Daniel Brown,TE,CHI,8.7,1
Jake Butt,TE,DEN,8.6,1
Geoff Swaim,TE,DAL,8.3,1
Phillip Supernaw,TE,TEN,8.2,1
Tyler Kroft,TE,CIN,8.1,1
Eric Tomlinson,TE,NYJ,8,1
Matt Lengel,TE,NEP,7.9,1
Lee Smith,TE,OAK,7.8,1
Bucky Hodges,TE,MIN,7.8,1
Randall Telfer,TE,CLE,7.7,1
James Hanna,TE,DAL,7.7,1
Nick Vannett,TE,SEA,7.4,1
Michael Hoomanawanui,TE,NOS,7.4,1
Brandon Myers,TE,FA,7.3,1
Rico Gathers,TE,DAL,7.3,1
Asante Cleveland,TE,LAC,7.1,1
Larry Donnell,TE,BAL,7.1,1
Mo Alie-Cox,TE,IND,6.9,1
Temarrick Hemingway,TE,LAR,6.8,1
Cooper Helfet,TE,OAK,6.8,1
Joshua Perkins,TE,ATL,6.6,1
Neal Sterling,TE,JAC,6.6,1
Ross Travis,TE,KCC,6.5,1
D.J. Tialavea,TE,ATL,6.5,1
Brandon Williams,TE,IND,6.3,1
Blake Bell,TE,SFO,6.3,1
Alex Ellis,TE,JAC,6.2,1
Ifeanyi Momah,TE,ARI,6,1
Jeremy Sprinkle,TE,WAS,5.9,1
Logan Thomas,TE,BUF,5.9,1
Mason Schreck,TE,CIN,5.6,1
Niles Paul,TE,WAS,5.5,1
Alan Cross,TE,TBB,5.3,1
David Johnson,TE,PIT,5.3,1
Hakeem Valles,TE,ARI,5.3,1
Eric Saubert,TE,ATL,5.1,1
James O'Shaughnessy,TE,NEP,4.8,1
Luke Stocker,TE,TBB,4.8,1
Clay Harbor,TE,NOS,4.5,1
Brandon Bostick,TE,FA,4.5,1
Khari Lee,TE,DET,4.4,1
John Phillips,TE,NOS,4.3,1
Sean McGrath,TE,LAC,4.2,1
Ben Braunecker,TE,CHI,4.2,1
Cole Wick,TE,DET,3.9,1
Derek Carrier,TE,WAS,3.8,1
Braedon Bowman,TE,NOS,3.7,1
Chris Manhertz,TE,CAR,3.6,1
Matt LaCosse,TE,NYG,3.6,1
MyCole Pruitt,TE,CHI,2.9,1
Je'Ron Hamm,TE,SFO,2.2,1
Chris Gragg,TE,NYJ,1.1,1
Cory Harkey,TE,LAR,1,1
Robert Housler,TE,FA,0.7,1
Garrett Graham,TE,FA,0.4,1
Matthew Mulligan,TE,DET,0.3,1
Wes Saxton,TE,WAS,0.1,1
Beau Sandland,TE,GBP,0,1
Gerald Christian,TE,ARI,0,1
Brody Eldridge,TE,CHI,0,1
Brandon Pettigrew,TE,DET,0,1
Bear Pascoe,TE,NEP,0,1
Chase Coffman,TE,IND,0,1
James Casey,TE,DEN,0,1
Kellen Davis,TE,NYJ,0,1
Gary Barnidge,TE,CLE,0,1
Craig Stevens,TE,TEN,0,1
Fred Davis,TE,WAS,0,1
Scott Chandler,TE,NEP,0,1
Matt Spaeth,TE,PIT,0,1
Daniel Fells,TE,NYG,0,1
Owen Daniels,TE,DEN,0,1
Alex Smith,TE,WAS,0,1
Kellen Winslow,TE,NYJ,0,1
Darren Waller,TE,BAL,0,1
Nick Truesdell,TE,MIN,0,1
Robert Tonyan,TE,DET,0,1
Tyrone Swoopes,TE,SEA,0,1
Ricky Seals-Jones,TE,ARI,0,1
Scott Orndoff,TE,DET,0,1
Taylor McNamara,TE,CLE,0,1
Henry Krieger-Coble,TE,IND,0,1
Gabe Holmes,TE,OAK,0,1
Jacob Hollister,TE,NEP,0,1
Clark Harris,TE,CIN,0,1
Thomas Duarte,TE,MIA,0,1
Darrell Daniels,TE,IND,0,1
Orson Charles,TE,KCC,0,1
Cethan Carter,TE,CIN,0,1
Jeff Cumberland,TE,LAC,-0.1,1
Kansas City Chiefs,DEF,KCC,128.8,7.9
Denver Broncos,DEF,DEN,129,7.6
Arizona Cardinals,DEF,ARI,126.1,7.4
Carolina Panthers,DEF,CAR,116.6,5
New England Patriots,DEF,NEP,119.9,4.9
Minnesota Vikings,DEF,MIN,119.7,4.6
Seattle Seahawks,DEF,SEA,118.7,4.5
Philadelphia Eagles,DEF,PHI,118.8,4.4
Houston Texans,DEF,HOU,119.7,3.8
Baltimore Ravens,DEF,BAL,112,3.2
New York Giants,DEF,NYG,113.6,3
Jacksonville Jaguars,DEF,JAC,112.6,2.1
Tampa Bay Buccaneers,DEF,TBB,111.2,1
Cincinnati Bengals,DEF,CIN,108.9,1
Los Angeles Chargers,DEF,LAC,108.9,1
Pittsburgh Steelers,DEF,PIT,107.9,1
Miami Dolphins,DEF,MIA,104.8,1
Oakland Raiders,DEF,OAK,104.2,1
Green Bay Packers,DEF,GBP,104,1
Washington Redskins,DEF,WAS,103.8,1
Dallas Cowboys,DEF,DAL,103.3,1
Tennessee Titans,DEF,TEN,102.9,1
Los Angeles Rams,DEF,LAR,102.8,1
Atlanta Falcons,DEF,ATL,102.4,1
Indianapolis Colts,DEF,IND,97.5,1
Buffalo Bills,DEF,BUF,96.1,1
Detroit Lions,DEF,DET,91.1,1
Chicago Bears,DEF,CHI,90.2,1
San Francisco 49ers,DEF,SFO,89.3,1
New Orleans Saints,DEF,NOS,89.2,1
New York Jets,DEF,NYJ,87,1
Cleveland Browns,DEF,CLE,86.3,1